"","date","time","depth","water_temp","salinity","conductivity","ec25","density","sT","chl_f","chl_a","tur_range","do","weiss_do","v","gg_do","bk_do"
"1","2021/05/13","13:14:26",-0.2624,27.065,33.952,53.766,51429.983,1021.907,21.908,0.2,0.2,1.62,NA,NA,NA,NA,NA
"2","2021/05/13","13:14:26",-0.2428,27.06,33.951,53.761,51429.936,1021.908,21.909,0.21,0.21,1.73,94.76,NA,NA,NA,NA
"3","2021/05/13","13:14:26",-0.2428,27.056,33.954,53.76,51433.693,1021.911,21.912,0.21,0.21,1.81,94.88,6.055,NA,6.072,6.073
"4","2021/05/13","13:14:26",-0.2428,27.055,33.953,53.758,51432.939,1021.911,21.912,0.18,0.18,1.69,94.96,6.063,NA,6.08,6.081
"5","2021/05/13","13:14:26",-0.2624,27.062,33.948,53.758,51424.672,1021.904,21.905,0.19,0.19,1.89,95.05,6.072,NA,6.089,6.09
"6","2021/05/13","13:14:26",-0.2428,27.066,33.946,53.758,51421.645,1021.902,21.903,0.2,0.2,1.86,95.06,6.076,NA,6.093,6.094
"7","2021/05/13","13:14:26",-0.2624,27.058,33.95,53.757,51427.984,1021.907,21.908,0.19,0.19,1.95,95.11,6.082,NA,6.099,6.1
"8","2021/05/13","13:14:26",-0.2428,27.051,33.962,53.766,51445.086,1021.919,21.92,0.18,0.18,1.72,95.07,6.08,NA,6.097,6.098
"9","2021/05/13","13:14:26",-0.2428,27.047,33.961,53.761,51444.58,1021.92,21.921,0.18,0.18,1.59,95.08,6.08,NA,6.097,6.098
"10","2021/05/13","13:14:27",-0.2624,27.049,33.959,53.76,51441.765,1021.917,21.919,0.2,0.2,1.54,95.14,6.084,NA,6.101,6.102
"11","2021/05/13","13:14:27",-0.2624,27.054,33.96,53.767,51442.265,1021.916,21.918,0.19,0.19,1.41,95.12,6.082,NA,6.099,6.1
"12","2021/05/13","13:14:27",-0.2428,27.059,33.962,53.775,51444.388,1021.916,21.917,0.18,0.18,1.34,95.23,6.089,NA,6.106,6.107
"13","2021/05/13","13:14:27",-0.2428,27.065,33.949,53.763,51426.802,1021.905,21.906,0.19,0.19,1.45,95.27,6.091,NA,6.108,6.109
"14","2021/05/13","13:14:27",-0.2624,27.079,33.941,53.765,51413.422,1021.894,21.895,0.21,0.21,1.52,95.17,6.084,NA,6.101,6.102
"15","2021/05/13","13:14:27",-0.2428,27.074,33.949,53.773,51425.82,1021.902,21.903,0.21,0.21,1.39,95.1,6.079,NA,6.096,6.097
"16","2021/05/13","13:14:27",-0.2624,27.065,33.961,53.779,51442.228,1021.914,21.915,0.21,0.21,1.38,95.04,6.074,NA,6.091,6.092
"17","2021/05/13","13:14:27",-0.2624,27.066,33.967,53.788,51449.764,1021.917,21.919,0.23,0.23,1.49,95.06,6.074,NA,6.091,6.092
"18","2021/05/13","13:14:27",-0.2428,27.075,33.963,53.792,51443.702,1021.912,21.913,0.22,0.22,NA,95.04,6.073,NA,6.09,6.091
"19","2021/05/13","13:14:27",-0.2428,27.075,33.957,53.784,51435.542,1021.907,21.908,0.2,0.2,1.72,94.96,6.067,NA,6.084,6.085
"20","2021/05/13","13:14:28",-0.2624,27.072,33.969,53.797,51452.149,1021.917,21.918,0.19,0.19,1.61,95.01,6.069,NA,6.086,6.087
"21","2021/05/13","13:14:28",-0.2428,27.062,33.974,53.794,51459.704,1021.924,21.925,0.18,0.18,1.52,95.05,6.071,NA,6.088,6.089
"22","2021/05/13","13:14:28",-0.2624,27.06,33.97,53.786,51454.58,1021.922,21.923,0.19,0.19,1.62,95.17,6.078,NA,6.095,6.096
"23","2021/05/13","13:14:28",-0.2624,27.066,33.973,53.798,51458.812,1021.922,21.924,0.19,0.19,1.58,95.13,6.075,7.65,6.092,6.093
"24","2021/05/13","13:14:28",-0.2624,27.064,33.969,53.79,51453.855,1021.92,21.921,0.21,0.21,1.55,95.29,6.085,7.64,6.102,6.103
"25","2021/05/13","13:14:28",-0.2624,27.058,33.972,53.787,51457.339,1021.924,21.925,0.19,0.19,1.39,95.2,6.079,7.64,6.096,6.097
"26","2021/05/13","13:14:28",-0.2624,27.048,33.984,53.795,51474.929,1021.936,21.937,0.18,0.18,1.41,95.16,6.076,7.64,6.093,6.094
"27","2021/05/13","13:14:28",-0.2624,27.039,33.991,53.795,51484.963,1021.944,21.945,0.18,0.18,1.45,95.15,6.075,7.65,6.092,6.093
"28","2021/05/13","13:14:28",-0.2624,27.036,33.992,53.793,51486.74,1021.946,21.947,0.18,0.18,1.52,95.17,6.075,7.64,6.092,6.093
"29","2021/05/13","13:14:28",-0.2624,27.038,33.982,53.782,51473.84,1021.938,21.939,0.18,0.18,1.56,95.08,6.069,7.67,6.086,6.087
"30","2021/05/13","13:14:29",-0.2624,27.042,33.979,53.78,51468.576,1021.934,21.935,0.18,0.18,1.56,95.09,6.07,NA,6.087,6.088
"31","2021/05/13","13:14:29",-0.2428,27.046,33.98,53.786,51469.695,1021.934,21.935,0.18,0.18,1.49,95.05,6.067,NA,6.084,6.085
"32","2021/05/13","13:14:29",-0.2624,27.05,33.978,53.788,51466.749,1021.931,21.932,0.18,0.18,1.46,95.02,6.065,7.64,6.082,6.083
"33","2021/05/13","13:14:29",-0.2624,27.056,33.976,53.79,51462.879,1021.927,21.929,0.18,0.18,1.54,95.04,6.066,7.66,6.083,6.084
"34","2021/05/13","13:14:29",-0.2624,27.06,33.977,53.797,51464.631,1021.927,21.928,0.17,0.17,1.58,94.97,6.061,7.66,6.078,6.079
"35","2021/05/13","13:14:29",-0.2624,27.061,33.977,53.798,51465.062,1021.927,21.929,0.18,0.18,1.46,95.04,6.065,7.65,6.082,6.083
"36","2021/05/13","13:14:29",-0.2624,27.058,33.982,53.802,51471.143,1021.931,21.932,0.19,0.19,1.51,95.03,6.065,7.66,6.082,6.083
"37","2021/05/13","13:14:29",-0.2624,27.058,33.984,53.805,51474.388,1021.933,21.934,0.21,0.21,1.54,95.09,6.068,7.66,6.085,6.086
"38","2021/05/13","13:14:29",-0.2428,27.059,33.985,53.807,51475.81,1021.934,21.935,0.21,0.21,1.49,95.01,6.063,7.68,6.08,6.081
"39","2021/05/13","13:14:29",-0.2624,27.058,33.989,53.812,51481.442,1021.937,21.938,0.2,0.2,1.51,95.09,6.068,7.66,6.085,6.086
"40","2021/05/13","13:14:30",-0.2624,27.055,33.992,53.812,51484.616,1021.94,21.941,0.18,0.18,1.55,95.08,6.067,7.66,6.084,6.085
"41","2021/05/13","13:14:30",-0.2428,27.053,33.992,53.811,51485.971,1021.941,21.942,0.18,0.18,1.52,95.14,6.07,7.69,6.087,6.088
"42","2021/05/13","13:14:30",-0.2428,27.051,33.995,53.812,51489.089,1021.944,21.945,0.18,0.18,1.51,95.07,6.066,7.69,6.083,6.084
"43","2021/05/13","13:14:30",-0.2428,27.046,34,53.814,51496.651,1021.949,21.95,0.19,0.19,1.51,95.04,6.063,7.67,6.081,6.081
"44","2021/05/13","13:14:30",-0.2428,27.044,34.003,53.816,51500.773,1021.952,21.953,0.19,0.19,1.61,95.03,6.062,7.67,6.079,6.08
"45","2021/05/13","13:14:30",-0.2428,27.042,34.007,53.82,51506.112,1021.955,21.956,0.21,0.21,1.62,95.13,6.068,7.67,6.086,6.086
"46","2021/05/13","13:14:30",-0.2624,27.041,34.012,53.827,51513.668,1021.96,21.961,0.21,0.21,1.59,95.2,6.073,7.67,6.09,6.091
"47","2021/05/13","13:14:30",-0.2428,27.042,34.015,53.831,51516.79,1021.961,21.962,0.21,0.21,1.56,95.09,6.066,7.67,6.083,6.084
"48","2021/05/13","13:14:30",-0.2428,27.044,34.015,53.834,51517.425,1021.961,21.962,0.19,0.19,1.69,95.05,6.063,7.67,6.08,6.081
"49","2021/05/13","13:14:30",-0.2624,27.048,34.013,53.835,51514.102,1021.958,21.959,0.2,0.2,1.78,95.03,6.062,7.68,6.079,6.08
"50","2021/05/13","13:14:31",-0.2624,27.053,34.011,53.838,51510.743,1021.955,21.956,0.19,0.19,1.78,95.05,6.063,7.67,6.08,6.081
"51","2021/05/13","13:14:31",-0.2428,27.058,34.009,53.84,51507.696,1021.952,21.953,0.2,0.2,1.75,95.08,6.065,7.68,6.082,6.083
"52","2021/05/13","13:14:31",-0.2624,27.059,34.011,53.844,51510.673,1021.953,21.954,0.18,0.18,1.75,95.12,6.067,7.68,6.084,6.085
"53","2021/05/13","13:14:31",-0.2624,27.059,34.013,53.847,51512.764,1021.954,21.955,0.18,0.18,1.75,95.02,6.06,7.68,6.077,6.078
"54","2021/05/13","13:14:31",-0.2428,27.06,34.013,53.847,51513.222,1021.955,21.956,0.17,0.17,1.71,95.09,6.065,7.68,6.082,6.083
"55","2021/05/13","13:14:31",-0.2428,27.059,34.017,53.852,51518.837,1021.958,21.959,0.19,0.19,1.65,95.16,6.07,7.67,6.087,6.088
"56","2021/05/13","13:14:31",-0.2428,27.057,34.022,53.857,51525.872,1021.962,21.964,0.18,0.18,1.61,95.15,6.069,7.67,6.086,6.087
"57","2021/05/13","13:14:31",-0.2428,27.054,34.027,53.862,51532.578,1021.967,21.968,0.18,0.18,1.62,95.04,6.062,7.67,6.079,6.08
"58","2021/05/13","13:14:31",-0.2428,27.051,34.033,53.866,51540.937,1021.972,21.974,0.18,0.18,1.75,95.1,6.064,7.68,6.081,6.082
"59","2021/05/13","13:14:31",-0.2428,27.049,34.037,53.87,51546.045,1021.976,21.977,0.2,0.2,1.81,95.1,6.065,7.68,6.082,6.083
"60","2021/05/13","13:14:32",-0.2428,27.048,34.04,53.873,51550.214,1021.978,21.979,0.21,0.21,1.78,95.15,6.068,7.69,6.085,6.086
"61","2021/05/13","13:14:32",-0.2428,27.049,34.043,53.879,51554.894,1021.981,21.982,0.21,0.21,1.69,95.23,6.073,7.69,6.09,6.091
"62","2021/05/13","13:14:32",-0.2428,27.047,34.047,53.882,51559.793,1021.984,21.985,0.19,0.19,1.62,95.37,6.082,7.68,6.099,6.1
"63","2021/05/13","13:14:32",-0.2428,27.047,34.05,53.885,51563.441,1021.986,21.987,0.17,0.17,1.58,95.3,6.077,7.68,6.094,6.095
"64","2021/05/13","13:14:32",-0.2428,27.047,34.052,53.889,51566.695,1021.988,21.989,0.17,0.17,1.58,95.21,6.071,7.68,6.088,6.089
"65","2021/05/13","13:14:32",-0.2428,27.046,34.053,53.89,51568.43,1021.989,21.99,0.17,0.17,1.58,95.2,6.07,7.68,6.087,6.088
"66","2021/05/13","13:14:32",-0.2428,27.044,34.056,53.892,51572.357,1021.992,21.993,0.16,0.16,1.59,95.14,6.067,7.69,6.084,6.085
"67","2021/05/13","13:14:32",-0.2624,27.046,34.058,53.896,51574.379,1021.992,21.993,0.18,0.18,1.65,95.18,6.069,7.68,6.086,6.087
"68","2021/05/13","13:14:32",-0.2428,27.048,34.059,53.899,51575.881,1021.993,21.994,0.18,0.18,1.66,95.33,6.078,7.69,6.096,6.096
"69","2021/05/13","13:14:32",-0.2428,27.049,34.061,53.905,51579.068,1021.994,21.995,0.18,0.18,1.62,95.26,6.074,7.68,6.091,6.092
"70","2021/05/13","13:14:33",-0.2428,27.051,34.062,53.907,51579.96,1021.994,21.995,0.17,0.17,1.58,95.32,6.078,7.68,6.095,6.096
"71","2021/05/13","13:14:33",-0.2624,27.052,34.064,53.911,51582.754,1021.995,21.997,0.17,0.17,1.54,95.31,6.078,7.68,6.095,6.096
"72","2021/05/13","13:14:33",-0.2428,27.052,34.065,53.912,51583.204,1021.996,21.997,0.18,0.18,1.52,95.37,6.081,7.68,6.098,6.099
"73","2021/05/13","13:14:33",-0.2428,27.052,34.065,53.913,51583.735,1021.996,21.997,0.19,0.19,1.58,95.31,6.077,7.69,6.095,6.095
"74","2021/05/13","13:14:33",-0.2428,27.051,34.069,53.917,51589.266,1022,22.001,0.18,0.18,1.65,95.33,6.078,7.68,6.096,6.097
"75","2021/05/13","13:14:33",-0.2428,27.051,34.072,53.922,51593.844,1022.002,22.003,0.17,0.17,1.64,95.31,6.077,7.7,6.094,6.095
"76","2021/05/13","13:14:33",-0.2428,27.053,34.074,53.926,51595.513,1022.002,22.004,0.17,0.17,1.62,95.21,6.071,7.67,6.088,6.089
"77","2021/05/13","13:14:33",-0.2428,27.055,34.075,53.93,51596.829,1022.002,22.004,0.18,0.18,1.62,95.29,6.075,7.69,6.092,6.093
"78","2021/05/13","13:14:33",-0.2428,27.056,34.074,53.93,51595.822,1022.002,22.003,0.19,0.19,1.62,95.16,6.068,7.69,6.085,6.086
"79","2021/05/13","13:14:33",-0.2428,27.06,34.072,53.931,51592.588,1021.999,22,0.18,0.18,1.64,95.27,6.075,7.68,6.092,6.093
"80","2021/05/13","13:14:34",-0.2428,27.064,34.073,53.935,51592.951,1021.998,21.999,0.18,0.18,1.71,95.27,6.075,7.68,6.092,6.093
"81","2021/05/13","13:14:34",-0.2428,27.068,34.073,53.94,51592.659,1021.997,21.998,0.18,0.18,1.75,95.18,6.069,7.69,6.086,6.087
"82","2021/05/13","13:14:34",-0.2428,27.069,34.073,53.942,51593.278,1021.997,21.998,0.18,0.18,1.73,95.27,6.075,7.69,6.092,6.093
"83","2021/05/13","13:14:34",-0.2428,27.071,34.074,53.945,51594.229,1021.997,21.998,0.2,0.2,1.71,95.41,6.084,7.68,6.101,6.102
"84","2021/05/13","13:14:34",-0.2428,27.071,34.078,53.95,51598.833,1022,22.001,0.18,0.18,1.65,95.25,6.073,7.69,6.09,6.091
"85","2021/05/13","13:14:34",-0.2428,27.071,34.079,53.951,51600.37,1022,22.001,0.18,0.18,1.58,95.23,6.072,7.69,6.089,6.09
"86","2021/05/13","13:14:34",-0.2428,27.072,34.08,53.954,51602.152,1022.001,22.002,0.18,0.18,1.58,95.24,6.073,7.7,6.09,6.091
"87","2021/05/13","13:14:34",-0.2428,27.071,34.081,53.955,51603.084,1022.002,22.003,0.19,0.19,1.62,95.31,6.077,7.69,6.095,6.095
"88","2021/05/13","13:14:34",-0.2231,27.073,34.081,53.957,51603.397,1022.002,22.003,0.2,0.2,1.69,95.4,6.083,7.7,6.1,6.101
"89","2021/05/13","13:14:34",-0.2231,27.074,34.082,53.959,51604.856,1022.002,22.003,0.21,0.21,1.76,95.46,6.087,7.69,6.104,6.105
"90","2021/05/13","13:14:35",-0.2428,27.076,34.082,53.962,51604.856,1022.002,22.003,0.24,0.24,1.83,95.38,6.081,7.69,6.098,6.099
"91","2021/05/13","13:14:35",-0.2428,27.078,34.084,53.967,51607.337,1022.002,22.003,0.24,0.24,1.83,95.4,6.083,7.68,6.1,6.101
"92","2021/05/13","13:14:35",-0.2428,27.079,34.085,53.969,51608.663,1022.003,22.004,0.24,0.24,1.91,95.27,6.075,7.68,6.092,6.093
"93","2021/05/13","13:14:35",-0.2428,27.079,34.09,53.976,51614.937,1022.006,22.007,NA,NA,2.01,95.28,6.075,7.68,6.092,6.093
"94","2021/05/13","13:14:35",-0.2624,27.079,34.092,53.979,51617.933,1022.008,22.009,NA,NA,1.85,95.3,6.076,7.69,6.093,6.094
"95","2021/05/13","13:14:35",-0.2428,27.078,34.095,53.981,51621.061,1022.01,22.011,NA,NA,1.71,95.28,6.075,7.68,6.092,6.093
"96","2021/05/13","13:14:35",-0.2624,27.076,34.097,53.983,51624.966,1022.013,22.014,0.24,0.24,1.68,95.39,6.082,7.68,6.099,6.1
"97","2021/05/13","13:14:35",-0.2428,27.076,34.098,53.984,51625.944,1022.013,22.014,0.24,0.24,1.72,95.5,6.089,7.68,6.106,6.107
"98","2021/05/13","13:14:35",-0.2428,27.077,34.097,53.983,51624.822,1022.013,22.014,NA,NA,1.92,95.46,6.086,7.7,6.103,6.104
"99","2021/05/13","13:14:35",-0.2428,27.077,34.094,53.979,51619.617,1022.009,22.011,NA,NA,2.02,95.31,6.077,7.69,6.094,6.095
"100","2021/05/13","13:14:36",-0.2428,27.077,34.092,53.975,51617.331,1022.008,22.009,0.25,0.25,NA,95.31,6.078,7.68,6.095,6.096
"101","2021/05/13","13:14:36",-0.2428,27.078,34.095,53.982,51622.057,1022.011,22.012,0.23,0.23,NA,95.33,6.079,7.68,6.096,6.097
"102","2021/05/13","13:14:36",-0.2428,27.079,34.096,53.983,51622.231,1022.011,22.012,0.2,0.2,2.02,95.28,6.075,7.66,6.092,6.093
"103","2021/05/13","13:14:36",-0.2428,27.08,34.093,53.981,51619.078,1022.009,22.01,0.2,0.2,1.78,95.26,6.074,7.69,6.091,6.092
"104","2021/05/13","13:14:36",-0.2428,27.082,34.099,53.991,51626.686,1022.012,22.013,0.19,0.19,1.65,95.29,6.076,7.69,6.093,6.094
"105","2021/05/13","13:14:36",-0.2428,27.082,34.099,53.992,51626.616,1022.012,22.013,0.19,0.19,1.68,95.35,6.08,7.68,6.097,6.098
"106","2021/05/13","13:14:36",-0.2231,27.08,34.098,53.988,51625.046,1022.012,22.013,0.21,0.21,1.73,95.29,6.076,7.68,6.093,6.094
"107","2021/05/13","13:14:36",-0.2428,27.078,34.096,53.983,51622.56,1022.011,22.012,0.21,0.21,1.75,95.48,6.089,7.66,6.106,6.107
"108","2021/05/13","13:14:36",-0.2428,27.075,34.105,53.993,51635.88,1022.019,22.02,0.19,0.19,1.78,95.4,6.083,7.68,6.1,6.101
"109","2021/05/13","13:14:36",-0.2428,27.078,34.1,53.988,51628.084,1022.014,22.015,0.18,0.18,1.78,95.33,6.079,7.68,6.096,6.097
"110","2021/05/13","13:14:37",-0.2428,27.11,34.062,53.968,51574.251,1021.976,21.977,0.19,0.19,1.76,95.34,6.081,7.69,6.098,6.099
"111","2021/05/13","13:14:37",-0.2428,NA,34.055,53.983,51562.602,1021.963,21.964,0.2,0.2,1.76,95.38,6.084,7.69,6.101,6.102
"112","2021/05/13","13:14:37",-0.2428,NA,34.052,53.985,51558.179,1021.959,21.96,0.21,0.21,1.68,95.35,6.082,7.69,6.099,6.1
"113","2021/05/13","13:14:37",-0.2428,NA,34.039,53.97,51540.138,1021.948,21.949,0.2,0.2,1.75,95.41,6.086,7.67,6.103,6.104
"114","2021/05/13","13:14:37",-0.2428,NA,34.041,53.968,51542.764,1021.95,21.951,0.2,0.2,1.73,95.48,6.091,7.68,6.108,6.109
"115","2021/05/13","13:14:37",-0.2624,NA,34.052,53.969,51558.438,1021.963,21.964,0.2,0.2,1.66,95.48,6.09,7.68,6.107,6.108
"116","2021/05/13","13:14:37",-0.2231,27.104,34.068,53.97,51582.585,1021.982,21.983,0.2,0.2,1.64,95.5,6.091,7.67,6.108,6.109
"117","2021/05/13","13:14:37",-0.2428,27.104,34.051,53.946,51559.657,1021.969,21.97,0.2,0.2,1.61,95.55,6.095,7.69,6.112,6.113
"118","2021/05/13","13:14:37",-0.2428,27.111,34.04,53.938,51544.45,1021.959,21.96,0.2,0.2,1.65,95.33,6.081,7.68,6.098,6.099
"119","2021/05/13","13:14:37",-0.2428,27.11,34.031,53.924,51532.12,1021.952,21.953,0.19,0.19,1.55,95.38,6.085,7.69,6.102,6.103
"120","2021/05/13","13:14:38",-0.2428,NA,34.003,53.896,51493.54,1021.928,21.929,0.21,0.21,1.51,95.41,6.088,7.68,6.105,6.106
"121","2021/05/13","13:14:38",-0.2624,NA,33.975,53.883,51452.967,1021.898,21.899,0.18,0.18,1.54,95.38,6.087,7.68,6.104,6.105
"122","2021/05/13","13:14:38",-0.2624,NA,33.964,53.887,51437.13,1021.884,21.886,0.19,0.19,1.66,95.43,6.091,7.68,6.108,6.109
"123","2021/05/13","13:14:38",-0.2624,NA,33.925,53.841,51383.185,1021.852,21.853,0.21,0.21,1.58,95.27,6.082,7.68,6.099,6.1
"124","2021/05/13","13:14:38",-0.2624,NA,33.866,53.791,51299.995,NA,NA,0.18,0.18,NA,95.12,6.074,7.68,6.091,6.092
"125","2021/05/13","13:14:38",-0.282,NA,NA,NA,NA,NA,NA,0.17,0.17,NA,95.1,NA,7.68,NA,NA
"126","2021/05/13","13:14:38",NA,NA,NA,NA,NA,NA,NA,0.19,0.19,NA,94.84,NA,7.68,NA,NA
"127","2021/05/13","13:14:38",NA,NA,NA,NA,NA,NA,NA,0.21,0.21,NA,94.79,NA,7.68,NA,NA
"128","2021/05/13","13:14:38",NA,NA,NA,NA,NA,NA,NA,NA,NA,NA,NA,NA,7.68,NA,NA
"129","2021/05/13","13:14:38",NA,NA,NA,NA,NA,NA,NA,NA,NA,NA,NA,NA,7.68,NA,NA
